<?xml version="1.0"?>
<config>
    <tabs>
        <atwix translate="label" module="atwixtweaks">
            <label>Export Taxes</label>
            <sort_order>99999</sort_order>
        </atwix>
    </tabs>
    <sections>
        <atwixtweaks translate="label" module="atwixtweaks">
            <label>Export Taxes</label>
            <tab>atwix</tab>
            <frontend_type>text</frontend_type>
            <sort_order>99999</sort_order>
            <show_in_default>1</show_in_default>
            <show_in_website>1</show_in_website>
            <show_in_store>1</show_in_store>
            <groups>
                <tools translate="label">
                    <label>Tools</label>
                    <sort_order>3</sort_order>
                    <show_in_default>1</show_in_default>
                    <show_in_website>1</show_in_website>
                    <show_in_store>1</show_in_store>
                    <expanded>1</expanded>
                    <fields>
                        <check translate="label">
                            <label>Export Tax Sales Report</label>
                            <frontend_type>button</frontend_type>
                            <frontend_model>atwixtweaks/adminhtml_system_config_form_button</frontend_model>
                            <sort_order>20</sort_order>
                            <show_in_default>1</show_in_default>
                            <show_in_website>1</show_in_website>
                            <show_in_store>1</show_in_store>
                        </check>
  <lindenvalley_order_state>
    <label>Order State</label>
    <frontend_type>multiselect</frontend_type>
    <source_model>atwixtweaks/system_config_source_states</source_model>
    <sort_order>1</sort_order>
    <show_in_default>1</show_in_default>
    <show_in_website>1</show_in_website>
    <show_in_store>1</show_in_store>
</lindenvalley_order_state>
<lindenvalley_date_from>
  <label>Date From</label>
  <frontend_type>text</frontend_type>
  <frontend_model>atwixtweaks/adminhtml_system_config_date</frontend_model>
  <sort_order>2</sort_order>
  <show_in_default>1</show_in_default>
  <show_in_website>1</show_in_website>
  <show_in_store>1</show_in_store>
</lindenvalley_date_from>
<lindenvalley_date_to>
  <label>Date To</label>
  <frontend_type>text</frontend_type>
  <frontend_model>atwixtweaks/adminhtml_system_config_date</frontend_model>
  <sort_order>3</sort_order>
  <show_in_default>1</show_in_default>
  <show_in_website>1</show_in_website>
  <show_in_store>1</show_in_store>
</lindenvalley_date_to>
                    </fields>
                </tools>
            </groups>
        </atwixtweaks>
    </sections>
</config>
